IndicatorCode,Indicator,ValueType,ParentLocationCode,ParentLocation,Location type,SpatialDimValueCode,Location,Period type,Period,IsLatestYear,Dim1 type,Dim1,Dim1ValueCode,Dim2 type,Dim2,Dim2ValueCode,Dim3 type,Dim3,Dim3ValueCode,DataSourceDimValueCode,DataSource,FactValueNumericPrefix,FactValueNumeric,FactValueUoM,FactValueNumericLowPrefix,FactValueNumericLow,FactValueNumericHighPrefix,FactValueNumericHigh,Value,FactValueTranslationID,FactComments,Language,DateModified
AIR_41,Ambient air pollution attributable deaths,numeric,EUR,Europe,Country,GBR,United Kingdom of Great Britain and Northern Ireland,Year,2019,true,Sex,Female,SEX_FMLE,GHE cause of death codes,All causes,GHECAUSE_GHE000000,,,,,,,10361,,,7323,,14047,10 361 [7323-14 047],,,EN,2024-10-03T05:00:00.000Z
AIR_41,Ambient air pollution attributable deaths,numeric,EUR,Europe,Country,GBR,United Kingdom of Great Britain and Northern Ireland,Year,2019,true,Sex,Both sexes,SEX_BTSX,GHE cause of death codes,Ischaemic heart disease,GHECAUSE_GHE001130,,,,,,,11234,,,6376,,15395,11 234 [6376-15 395],,,EN,2024-10-03T05:00:00.000Z
AIR_41,Ambient air pollution attributable deaths,numeric,EUR,Europe,Country,GBR,United Kingdom of Great Britain and Northern Ireland,Year,2019,true,Sex,Male,SEX_MLE,GHE cause of death codes,All causes,GHECAUSE_GHE000000,,,,,,,11972,,,8408,,15945,11 972 [8408-15 945],,,EN,2024-10-03T05:00:00.000Z
AIR_41,Ambient air pollution attributable deaths,numeric,EUR,Europe,Country,GBR,United Kingdom of Great Britain and Northern Ireland,Year,2019,true,Sex,Female,SEX_FMLE,GHE cause of death codes,Chronic obstructive pulmonary disease,GHECAUSE_GHE001180,,,,,,,1208,,,239.3,,3015,1208 [239-3015],,,EN,2024-10-03T05:00:00.000Z
AIR_41,Ambient air pollution attributable deaths,numeric,EUR,Europe,Country,GBR,United Kingdom of Great Britain and Northern Ireland,Year,2019,true,Sex,Male,SEX_MLE,GHE cause of death codes,Chronic obstructive pulmonary disease,GHECAUSE_GHE001180,,,,,,,1286,,,254.8,,3211,1286 [255-3211],,,EN,2024-10-03T05:00:00.000Z
AIR_41,Ambient air pollution attributable deaths,numeric,EUR,Europe,Country,GBR,United Kingdom of Great Britain and Northern Ireland,Year,2019,true,Sex,Male,SEX_MLE,GHE cause of death codes,Stroke,GHECAUSE_GHE001140,,,,,,,1325,,,500.1,,2413,1325 [500-2413],,,EN,2024-10-03T05:00:00.000Z
AIR_41,Ambient air pollution attributable deaths,numeric,EUR,Europe,Country,GBR,United Kingdom of Great Britain and Northern Ireland,Year,2019,true,Sex,Both sexes,SEX_BTSX,GHE cause of death codes,"Trachea, bronchus, lung cancers",GHECAUSE_GHE000680,,,,,,,1438,,,680.8,,2578,1438 [681-2578],,,EN,2024-10-03T05:00:00.000Z
AIR_41,Ambient air pollution attributable deaths,numeric,EUR,Europe,Country,GBR,United Kingdom of Great Britain and Northern Ireland,Year,2019,true,Sex,Female,SEX_FMLE,GHE cause of death codes,Stroke,GHECAUSE_GHE001140,,,,,,,1757,,,663,,3199,1757 [663-3199],,,EN,2024-10-03T05:00:00.000Z
AIR_41,Ambient air pollution attributable deaths,numeric,EUR,Europe,Country,GBR,United Kingdom of Great Britain and Northern Ireland,Year,2019,true,Sex,Male,SEX_MLE,GHE cause of death codes,Acute lower respiratory infections,GHECAUSE_GHE000390,,,,,,,1863,,,615.4,,3626,1863 [615-3626],,,EN,2024-10-03T05:00:00.000Z
AIR_41,Ambient air pollution attributable deaths,numeric,EUR,Europe,Country,GBR,United Kingdom of Great Britain and Northern Ireland,Year,2019,true,Sex,Both sexes,SEX_BTSX,GHE cause of death codes,All causes,GHECAUSE_GHE000000,,,,,,,22333,,,15674,,29998,22 333 [15 674-29 998],,,EN,2024-10-03T05:00:00.000Z
AIR_41,Ambient air pollution attributable deaths,numeric,EUR,Europe,Country,GBR,United Kingdom of Great Britain and Northern Ireland,Year,2019,true,Sex,Female,SEX_FMLE,GHE cause of death codes,Acute lower respiratory infections,GHECAUSE_GHE000390,,,,,,,2222,,,734.1,,4325,2222 [734-4325],,,EN,2024-10-03T05:00:00.000Z
AIR_41,Ambient air pollution attributable deaths,numeric,EUR,Europe,Country,GBR,United Kingdom of Great Britain and Northern Ireland,Year,2019,true,Sex,Both sexes,SEX_BTSX,GHE cause of death codes,Chronic obstructive pulmonary disease,GHECAUSE_GHE001180,,,,,,,2494,,,494.1,,6226,2494 [494-6226],,,EN,2024-10-03T05:00:00.000Z
AIR_41,Ambient air pollution attributable deaths,numeric,EUR,Europe,Country,GBR,United Kingdom of Great Britain and Northern Ireland,Year,2019,true,Sex,Both sexes,SEX_BTSX,GHE cause of death codes,Stroke,GHECAUSE_GHE001140,,,,,,,3082,,,1163,,5613,3082 [1163-5613],,,EN,2024-10-03T05:00:00.000Z
AIR_41,Ambient air pollution attributable deaths,numeric,EUR,Europe,Country,GBR,United Kingdom of Great Britain and Northern Ireland,Year,2019,true,Sex,Both sexes,SEX_BTSX,GHE cause of death codes,Acute lower respiratory infections,GHECAUSE_GHE000390,,,,,,,4085,,,1349,,7951,4085 [1349-7951],,,EN,2024-10-03T05:00:00.000Z
AIR_41,Ambient air pollution attributable deaths,numeric,EUR,Europe,Country,GBR,United Kingdom of Great Britain and Northern Ireland,Year,2019,true,Sex,Female,SEX_FMLE,GHE cause of death codes,Ischaemic heart disease,GHECAUSE_GHE001130,,,,,,,4522,,,2566,,6197,4522 [2566-6197],,,EN,2024-10-03T05:00:00.000Z
AIR_41,Ambient air pollution attributable deaths,numeric,EUR,Europe,Country,GBR,United Kingdom of Great Britain and Northern Ireland,Year,2019,true,Sex,Female,SEX_FMLE,GHE cause of death codes,"Trachea, bronchus, lung cancers",GHECAUSE_GHE000680,,,,,,,652.3,,,308.7,,1169,652 [309-1169],,,EN,2024-10-03T05:00:00.000Z
AIR_41,Ambient air pollution attributable deaths,numeric,EUR,Europe,Country,GBR,United Kingdom of Great Britain and Northern Ireland,Year,2019,true,Sex,Male,SEX_MLE,GHE cause of death codes,Ischaemic heart disease,GHECAUSE_GHE001130,,,,,,,6712,,,3810,,9199,6712 [3810-9199],,,EN,2024-10-03T05:00:00.000Z
AIR_41,Ambient air pollution attributable deaths,numeric,EUR,Europe,Country,GBR,United Kingdom of Great Britain and Northern Ireland,Year,2019,true,Sex,Male,SEX_MLE,GHE cause of death codes,"Trachea, bronchus, lung cancers",GHECAUSE_GHE000680,,,,,,,786.2,,,372.1,,1409,786 [372-1409],,,EN,2024-10-03T05:00:00.000Z
AIR_41,Ambient air pollution attributable deaths,numeric,EUR,Europe,Country,GBR,United Kingdom of Great Britain and Northern Ireland,Year,2018,false,Sex,Female,SEX_FMLE,GHE cause of death codes,All causes,GHECAUSE_GHE000000,,,,,,,11101,,,7949,,14898,11 101 [7949-14 898],,,EN,2024-10-03T05:00:00.000Z
AIR_41,Ambient air pollution attributable deaths,numeric,EUR,Europe,Country,GBR,United Kingdom of Great Britain and Northern Ireland,Year,2018,false,Sex,Both sexes,SEX_BTSX,GHE cause of death codes,Ischaemic heart disease,GHECAUSE_GHE001130,,,,,,,11878,,,6775,,16209,11 878 [6775-16 209],,,EN,2024-10-03T05:00:00.000Z
AIR_41,Ambient air pollution attributable deaths,numeric,EUR,Europe,Country,GBR,United Kingdom of Great Britain and Northern Ireland,Year,2018,false,Sex,Male,SEX_MLE,GHE cause of death codes,All causes,GHECAUSE_GHE000000,,,,,,,12616,,,8934,,16604,12 616 [8934-16 604],,,EN,2024-10-03T05:00:00.000Z
AIR_41,Ambient air pollution attributable deaths,numeric,EUR,Europe,Country,GBR,United Kingdom of Great Britain and Northern Ireland,Year,2018,false,Sex,Female,SEX_FMLE,GHE cause of death codes,Chronic obstructive pulmonary disease,GHECAUSE_GHE001180,,,,,,,1307,,,274,,3218,1307 [274-3218],,,EN,2024-10-03T05:00:00.000Z
AIR_41,Ambient air pollution attributable deaths,numeric,EUR,Europe,Country,GBR,United Kingdom of Great Britain and Northern Ireland,Year,2018,false,Sex,Male,SEX_MLE,GHE cause of death codes,Chronic obstructive pulmonary disease,GHECAUSE_GHE001180,,,,,,,1382,,,289.6,,3402,1382 [290-3402],,,EN,2024-10-03T05:00:00.000Z
AIR_41,Ambient air pollution attributable deaths,numeric,EUR,Europe,Country,GBR,United Kingdom of Great Britain and Northern Ireland,Year,2018,false,Sex,Male,SEX_MLE,GHE cause of death codes,Stroke,GHECAUSE_GHE001140,,,,,,,1414,,,546.2,,2541,1414 [546-2541],,,EN,2024-10-03T05:00:00.000Z
AIR_41,Ambient air pollution attributable deaths,numeric,EUR,Europe,Country,GBR,United Kingdom of Great Britain and Northern Ireland,Year,2018,false,Sex,Both sexes,SEX_BTSX,GHE cause of death codes,"Trachea, bronchus, lung cancers",GHECAUSE_GHE000680,,,,,,,1565,,,747.5,,2769,1565 [747-2769],,,EN,2024-10-03T05:00:00.000Z
AIR_41,Ambient air pollution attributable deaths,numeric,EUR,Europe,Country,GBR,United Kingdom of Great Britain and Northern Ireland,Year,2018,false,Sex,Female,SEX_FMLE,GHE cause of death codes,Stroke,GHECAUSE_GHE001140,,,,,,,1911,,,738.2,,3434,1911 [738-3434],,,EN,2024-10-03T05:00:00.000Z
AIR_41,Ambient air pollution attributable deaths,numeric,EUR,Europe,Country,GBR,United Kingdom of Great Britain and Northern Ireland,Year,2018,false,Sex,Male,SEX_MLE,GHE cause of death codes,Acute lower respiratory infections,GHECAUSE_GHE000390,,,,,,,1923,,,668.4,,3631,1923 [668-3631],,,EN,2024-10-03T05:00:00.000Z
AIR_41,Ambient air pollution attributable deaths,numeric,EUR,Europe,Country,GBR,United Kingdom of Great Britain and Northern Ireland,Year,2018,false,Sex,Both sexes,SEX_BTSX,GHE cause of death codes,All causes,GHECAUSE_GHE000000,,,,,,,23717,,,16833,,31564,23 717 [16 833-31 564],,,EN,2024-10-03T05:00:00.000Z
AIR_41,Ambient air pollution attributable deaths,numeric,EUR,Europe,Country,GBR,United Kingdom of Great Britain and Northern Ireland,Year,2018,false,Sex,Female,SEX_FMLE,GHE cause of death codes,Acute lower respiratory infections,GHECAUSE_GHE000390,,,,,,,2337,,,812.4,,4414,2337 [812-4414],,,EN,2024-10-03T05:00:00.000Z
AIR_41,Ambient air pollution attributable deaths,numeric,EUR,Europe,Country,GBR,United Kingdom of Great Britain and Northern Ireland,Year,2018,false,Sex,Both sexes,SEX_BTSX,GHE cause of death codes,Chronic obstructive pulmonary disease,GHECAUSE_GHE001180,,,,,,,2689,,,563.6,,6620,2689 [564-6620],,,EN,2024-10-03T05:00:00.000Z
AIR_41,Ambient air pollution attributable deaths,numeric,EUR,Europe,Country,GBR,United Kingdom of Great Britain and Northern Ireland,Year,2018,false,Sex,Both sexes,SEX_BTSX,GHE cause of death codes,Stroke,GHECAUSE_GHE001140,,,,,,,3325,,,1284,,5975,3325 [1284-5975],,,EN,2024-10-03T05:00:00.000Z
AIR_41,Ambient air pollution attributable deaths,numeric,EUR,Europe,Country,GBR,United Kingdom of Great Britain and Northern Ireland,Year,2018,false,Sex,Both sexes,SEX_BTSX,GHE cause of death codes,Acute lower respiratory infections,GHECAUSE_GHE000390,,,,,,,4260,,,1481,,8045,4260 [1481-8045],,,EN,2024-10-03T05:00:00.000Z
AIR_41,Ambient air pollution attributable deaths,numeric,EUR,Europe,Country,GBR,United Kingdom of Great Britain and Northern Ireland,Year,2018,false,Sex,Female,SEX_FMLE,GHE cause of death codes,Ischaemic heart disease,GHECAUSE_GHE001130,,,,,,,4835,,,2758,,6598,4835 [2758-6598],,,EN,2024-10-03T05:00:00.000Z
AIR_41,Ambient air pollution attributable deaths,numeric,EUR,Europe,Country,GBR,United Kingdom of Great Britain and Northern Ireland,Year,2018,false,Sex,Male,SEX_MLE,GHE cause of death codes,Ischaemic heart disease,GHECAUSE_GHE001130,,,,,,,7043,,,4017,,9611,7043 [4017-9611],,,EN,2024-10-03T05:00:00.000Z
AIR_41,Ambient air pollution attributable deaths,numeric,EUR,Europe,Country,GBR,United Kingdom of Great Britain and Northern Ireland,Year,2018,false,Sex,Female,SEX_FMLE,GHE cause of death codes,"Trachea, bronchus, lung cancers",GHECAUSE_GHE000680,,,,,,,710.4,,,339.4,,1257,710 [339-1257],,,EN,2024-10-03T05:00:00.000Z
AIR_41,Ambient air pollution attributable deaths,numeric,EUR,Europe,Country,GBR,United Kingdom of Great Britain and Northern Ireland,Year,2018,false,Sex,Male,SEX_MLE,GHE cause of death codes,"Trachea, bronchus, lung cancers",GHECAUSE_GHE000680,,,,,,,854.4,,,408.1,,1512,854 [408-1512],,,EN,2024-10-03T05:00:00.000Z
AIR_41,Ambient air pollution attributable deaths,numeric,EUR,Europe,Country,GBR,United Kingdom of Great Britain and Northern Ireland,Year,2017,false,Sex,Female,SEX_FMLE,GHE cause of death codes,All causes,GHECAUSE_GHE000000,,,,,,,11361,,,8119,,15291,11 361 [8119-15 291],,,EN,2024-10-03T05:00:00.000Z
AIR_41,Ambient air pollution attributable deaths,numeric,EUR,Europe,Country,GBR,United Kingdom of Great Britain and Northern Ireland,Year,2017,false,Sex,Both sexes,SEX_BTSX,GHE cause of death codes,Ischaemic heart disease,GHECAUSE_GHE001130,,,,,,,12169,,,6947,,16581,12 169 [6947-16 581],,,EN,2024-10-03T05:00:00.000Z
AIR_41,Ambient air pollution attributable deaths,numeric,EUR,Europe,Country,GBR,United Kingdom of Great Britain and Northern Ireland,Year,2017,false,Sex,Male,SEX_MLE,GHE cause of death codes,All causes,GHECAUSE_GHE000000,,,,,,,12716,,,8990,,16761,12 716 [8990-16 761],,,EN,2024-10-03T05:00:00.000Z
AIR_41,Ambient air pollution attributable deaths,numeric,EUR,Europe,Country,GBR,United Kingdom of Great Britain and Northern Ireland,Year,2017,false,Sex,Female,SEX_FMLE,GHE cause of death codes,Chronic obstructive pulmonary disease,GHECAUSE_GHE001180,,,,,,,1340,,,282.2,,3299,1340 [282-3299],,,EN,2024-10-03T05:00:00.000Z
AIR_41,Ambient air pollution attributable deaths,numeric,EUR,Europe,Country,GBR,United Kingdom of Great Britain and Northern Ireland,Year,2017,false,Sex,Male,SEX_MLE,GHE cause of death codes,Chronic obstructive pulmonary disease,GHECAUSE_GHE001180,,,,,,,1402,,,295.3,,3451,1402 [295-3451],,,EN,2024-10-03T05:00:00.000Z
AIR_41,Ambient air pollution attributable deaths,numeric,EUR,Europe,Country,GBR,United Kingdom of Great Britain and Northern Ireland,Year,2017,false,Sex,Male,SEX_MLE,GHE cause of death codes,Stroke,GHECAUSE_GHE001140,,,,,,,1438,,,559.4,,2579,1438 [559-2579],,,EN,2024-10-03T05:00:00.000Z
AIR_41,Ambient air pollution attributable deaths,numeric,EUR,Europe,Country,GBR,United Kingdom of Great Britain and Northern Ireland,Year,2017,false,Sex,Both sexes,SEX_BTSX,GHE cause of death codes,"Trachea, bronchus, lung cancers",GHECAUSE_GHE000680,,,,,,,1578,,,754.3,,2783,1578 [754-2783],,,EN,2024-10-03T05:00:00.000Z
AIR_41,Ambient air pollution attributable deaths,numeric,EUR,Europe,Country,GBR,United Kingdom of Great Britain and Northern Ireland,Year,2017,false,Sex,Male,SEX_MLE,GHE cause of death codes,Acute lower respiratory infections,GHECAUSE_GHE000390,,,,,,,1858,,,647.3,,3508,1858 [647-3508],,,EN,2024-10-03T05:00:00.000Z
AIR_41,Ambient air pollution attributable deaths,numeric,EUR,Europe,Country,GBR,United Kingdom of Great Britain and Northern Ireland,Year,2017,false,Sex,Female,SEX_FMLE,GHE cause of death codes,Stroke,GHECAUSE_GHE001140,,,,,,,1984,,,772.1,,3559,1984 [772-3559],,,EN,2024-10-03T05:00:00.000Z
AIR_41,Ambient air pollution attributable deaths,numeric,EUR,Europe,Country,GBR,United Kingdom of Great Britain and Northern Ireland,Year,2017,false,Sex,Female,SEX_FMLE,GHE cause of death codes,Acute lower respiratory infections,GHECAUSE_GHE000390,,,,,,,2309,,,804.4,,4360,2309 [804-4360],,,EN,2024-10-03T05:00:00.000Z
AIR_41,Ambient air pollution attributable deaths,numeric,EUR,Europe,Country,GBR,United Kingdom of Great Britain and Northern Ireland,Year,2017,false,Sex,Both sexes,SEX_BTSX,GHE cause of death codes,All causes,GHECAUSE_GHE000000,,,,,,,24077,,,17053,,31868,24 077 [17 053-31 868],,,EN,2024-10-03T05:00:00.000Z
AIR_41,Ambient air pollution attributable deaths,numeric,EUR,Europe,Country,GBR,United Kingdom of Great Britain and Northern Ireland,Year,2017,false,Sex,Both sexes,SEX_BTSX,GHE cause of death codes,Chronic obstructive pulmonary disease,GHECAUSE_GHE001180,,,,,,,2742,,,577.5,,6750,2742 [578-6750],,,EN,2024-10-03T05:00:00.000Z
AIR_41,Ambient air pollution attributable deaths,numeric,EUR,Europe,Country,GBR,United Kingdom of Great Britain and Northern Ireland,Year,2017,false,Sex,Both sexes,SEX_BTSX,GHE cause of death codes,Stroke,GHECAUSE_GHE001140,,,,,,,3422,,,1331,,6138,3422 [1331-6138],,,EN,2024-10-03T05:00:00.000Z
AIR_41,Ambient air pollution attributable deaths,numeric,EUR,Europe,Country,GBR,United Kingdom of Great Britain and Northern Ireland,Year,2017,false,Sex,Both sexes,SEX_BTSX,GHE cause of death codes,Acute lower respiratory infections,GHECAUSE_GHE000390,,,,,,,4166,,,1452,,7868,4166 [1452-7868],,,EN,2024-10-03T05:00:00.000Z
AIR_41,Ambient air pollution attributable deaths,numeric,EUR,Europe,Country,GBR,United Kingdom of Great Britain and Northern Ireland,Year,2017,false,Sex,Female,SEX_FMLE,GHE cause of death codes,Ischaemic heart disease,GHECAUSE_GHE001130,,,,,,,5010,,,2860,,6827,5010 [2860-6827],,,EN,2024-10-03T05:00:00.000Z
AIR_41,Ambient air pollution attributable deaths,numeric,EUR,Europe,Country,GBR,United Kingdom of Great Britain and Northern Ireland,Year,2017,false,Sex,Male,SEX_MLE,GHE cause of death codes,Ischaemic heart disease,GHECAUSE_GHE001130,,,,,,,7159,,,4087,,9754,7159 [4087-9754],,,EN,2024-10-03T05:00:00.000Z
AIR_41,Ambient air pollution attributable deaths,numeric,EUR,Europe,Country,GBR,United Kingdom of Great Britain and Northern Ireland,Year,2017,false,Sex,Female,SEX_FMLE,GHE cause of death codes,"Trachea, bronchus, lung cancers",GHECAUSE_GHE000680,,,,,,,717.6,,,343,,1265,718 [343-1265],,,EN,2024-10-03T05:00:00.000Z
AIR_41,Ambient air pollution attributable deaths,numeric,EUR,Europe,Country,GBR,United Kingdom of Great Britain and Northern Ireland,Year,2017,false,Sex,Male,SEX_MLE,GHE cause of death codes,"Trachea, bronchus, lung cancers",GHECAUSE_GHE000680,,,,,,,860.4,,,411.3,,1517,860 [411-1517],,,EN,2024-10-03T05:00:00.000Z
AIR_41,Ambient air pollution attributable deaths,numeric,EUR,Europe,Country,GBR,United Kingdom of Great Britain and Northern Ireland,Year,2016,false,Sex,Female,SEX_FMLE,GHE cause of death codes,All causes,GHECAUSE_GHE000000,,,,,,,11597,,,8272,,15525,11 597 [8272-15 525],,,EN,2024-10-03T05:00:00.000Z
AIR_41,Ambient air pollution attributable deaths,numeric,EUR,Europe,Country,GBR,United Kingdom of Great Britain and Northern Ireland,Year,2016,false,Sex,Both sexes,SEX_BTSX,GHE cause of death codes,Ischaemic heart disease,GHECAUSE_GHE001130,,,,,,,12453,,,7144,,16971,12 453 [7144-16 971],,,EN,2024-10-03T05:00:00.000Z
AIR_41,Ambient air pollution attributable deaths,numeric,EUR,Europe,Country,GBR,United Kingdom of Great Britain and Northern Ireland,Year,2016,false,Sex,Male,SEX_MLE,GHE cause of death codes,All causes,GHECAUSE_GHE000000,,,,,,,12893,,,9080,,17029,12 893 [9080-17 029],,,EN,2024-10-03T05:00:00.000Z
AIR_41,Ambient air pollution attributable deaths,numeric,EUR,Europe,Country,GBR,United Kingdom of Great Britain and Northern Ireland,Year,2016,false,Sex,Female,SEX_FMLE,GHE cause of death codes,Chronic obstructive pulmonary disease,GHECAUSE_GHE001180,,,,,,,1404,,,295.4,,3444,1404 [295-3444],,,EN,2024-10-03T05:00:00.000Z
AIR_41,Ambient air pollution attributable deaths,numeric,EUR,Europe,Country,GBR,United Kingdom of Great Britain and Northern Ireland,Year,2016,false,Sex,Male,SEX_MLE,GHE cause of death codes,Chronic obstructive pulmonary disease,GHECAUSE_GHE001180,,,,,,,1450,,,305.1,,3557,1450 [305-3557],,,EN,2024-10-03T05:00:00.000Z
AIR_41,Ambient air pollution attributable deaths,numeric,EUR,Europe,Country,GBR,United Kingdom of Great Britain and Northern Ireland,Year,2016,false,Sex,Male,SEX_MLE,GHE cause of death codes,Stroke,GHECAUSE_GHE001140,,,,,,,1473,,,576.2,,2631,1473 [576-2631],,,EN,2024-10-03T05:00:00.000Z
AIR_41,Ambient air pollution attributable deaths,numeric,EUR,Europe,Country,GBR,United Kingdom of Great Britain and Northern Ireland,Year,2016,false,Sex,Both sexes,SEX_BTSX,GHE cause of death codes,"Trachea, bronchus, lung cancers",GHECAUSE_GHE000680,,,,,,,1627,,,780.8,,2864,1627 [781-2864],,,EN,2024-10-03T05:00:00.000Z
AIR_41,Ambient air pollution attributable deaths,numeric,EUR,Europe,Country,GBR,United Kingdom of Great Britain and Northern Ireland,Year,2016,false,Sex,Male,SEX_MLE,GHE cause of death codes,Acute lower respiratory infections,GHECAUSE_GHE000390,,,,,,,1789,,,627.5,,3353,1789 [627-3353],,,EN,2024-10-03T05:00:00.000Z
AIR_41,Ambient air pollution attributable deaths,numeric,EUR,Europe,Country,GBR,United Kingdom of Great Britain and Northern Ireland,Year,2016,false,Sex,Female,SEX_FMLE,GHE cause of death codes,Stroke,GHECAUSE_GHE001140,,,,,,,2051,,,802.4,,3664,2051 [802-3664],,,EN,2024-10-03T05:00:00.000Z
AIR_41,Ambient air pollution attributable deaths,numeric,EUR,Europe,Country,GBR,United Kingdom of Great Britain and Northern Ireland,Year,2016,false,Sex,Female,SEX_FMLE,GHE cause of death codes,Acute lower respiratory infections,GHECAUSE_GHE000390,,,,,,,2242,,,786.4,,4203,2242 [786-4203],,,EN,2024-10-03T05:00:00.000Z
AIR_41,Ambient air pollution attributable deaths,numeric,EUR,Europe,Country,GBR,United Kingdom of Great Britain and Northern Ireland,Year,2016,false,Sex,Both sexes,SEX_BTSX,GHE cause of death codes,All causes,GHECAUSE_GHE000000,,,,,,,24489,,,17336,,32411,24 489 [17 336-32 411],,,EN,2024-10-03T05:00:00.000Z
AIR_41,Ambient air pollution attributable deaths,numeric,EUR,Europe,Country,GBR,United Kingdom of Great Britain and Northern Ireland,Year,2016,false,Sex,Both sexes,SEX_BTSX,GHE cause of death codes,Chronic obstructive pulmonary disease,GHECAUSE_GHE001180,,,,,,,2855,,,600.5,,7002,2855 [600-7002],,,EN,2024-10-03T05:00:00.000Z
AIR_41,Ambient air pollution attributable deaths,numeric,EUR,Europe,Country,GBR,United Kingdom of Great Britain and Northern Ireland,Year,2016,false,Sex,Both sexes,SEX_BTSX,GHE cause of death codes,Stroke,GHECAUSE_GHE001140,,,,,,,3523,,,1379,,6294,3523 [1379-6294],,,EN,2024-10-03T05:00:00.000Z
AIR_41,Ambient air pollution attributable deaths,numeric,EUR,Europe,Country,GBR,United Kingdom of Great Britain and Northern Ireland,Year,2016,false,Sex,Both sexes,SEX_BTSX,GHE cause of death codes,Acute lower respiratory infections,GHECAUSE_GHE000390,,,,,,,4031,,,1414,,7555,4031 [1414-7555],,,EN,2024-10-03T05:00:00.000Z
AIR_41,Ambient air pollution attributable deaths,numeric,EUR,Europe,Country,GBR,United Kingdom of Great Britain and Northern Ireland,Year,2016,false,Sex,Female,SEX_FMLE,GHE cause of death codes,Ischaemic heart disease,GHECAUSE_GHE001130,,,,,,,5157,,,2958,,7028,5157 [2958-7028],,,EN,2024-10-03T05:00:00.000Z
AIR_41,Ambient air pollution attributable deaths,numeric,EUR,Europe,Country,GBR,United Kingdom of Great Britain and Northern Ireland,Year,2016,false,Sex,Male,SEX_MLE,GHE cause of death codes,Ischaemic heart disease,GHECAUSE_GHE001130,,,,,,,7296,,,4186,,9943,7296 [4186-9943],,,EN,2024-10-03T05:00:00.000Z
AIR_41,Ambient air pollution attributable deaths,numeric,EUR,Europe,Country,GBR,United Kingdom of Great Britain and Northern Ireland,Year,2016,false,Sex,Female,SEX_FMLE,GHE cause of death codes,"Trachea, bronchus, lung cancers",GHECAUSE_GHE000680,,,,,,,742.5,,,356.4,,1307,743 [356-1307],,,EN,2024-10-03T05:00:00.000Z
AIR_41,Ambient air pollution attributable deaths,numeric,EUR,Europe,Country,GBR,United Kingdom of Great Britain and Northern Ireland,Year,2016,false,Sex,Male,SEX_MLE,GHE cause of death codes,"Trachea, bronchus, lung cancers",GHECAUSE_GHE000680,,,,,,,884.3,,,424.4,,1557,884 [424-1557],,,EN,2024-10-03T05:00:00.000Z
AIR_41,Ambient air pollution attributable deaths,numeric,EUR,Europe,Country,GBR,United Kingdom of Great Britain and Northern Ireland,Year,2015,false,Sex,Female,SEX_FMLE,GHE cause of death codes,All causes,GHECAUSE_GHE000000,,,,,,,13211,,,9514,,17432,13 211 [9514-17 432],,,EN,2024-10-03T05:00:00.000Z
AIR_41,Ambient air pollution attributable deaths,numeric,EUR,Europe,Country,GBR,United Kingdom of Great Britain and Northern Ireland,Year,2015,false,Sex,Both sexes,SEX_BTSX,GHE cause of death codes,Ischaemic heart disease,GHECAUSE_GHE001130,,,,,,,13567,,,7915,,18296,13 567 [7915-18 296],,,EN,2024-10-03T05:00:00.000Z
AIR_41,Ambient air pollution attributable deaths,numeric,EUR,Europe,Country,GBR,United Kingdom of Great Britain and Northern Ireland,Year,2015,false,Sex,Male,SEX_MLE,GHE cause of death codes,All causes,GHECAUSE_GHE000000,,,,,,,14040,,,10064,,18331,14 040 [10 064-18 331],,,EN,2024-10-03T05:00:00.000Z
AIR_41,Ambient air pollution attributable deaths,numeric,EUR,Europe,Country,GBR,United Kingdom of Great Britain and Northern Ireland,Year,2015,false,Sex,Female,SEX_FMLE,GHE cause of death codes,Chronic obstructive pulmonary disease,GHECAUSE_GHE001180,,,,,,,1579,,,356.4,,3794,1579 [356-3794],,,EN,2024-10-03T05:00:00.000Z
AIR_41,Ambient air pollution attributable deaths,numeric,EUR,Europe,Country,GBR,United Kingdom of Great Britain and Northern Ireland,Year,2015,false,Sex,Male,SEX_MLE,GHE cause of death codes,Chronic obstructive pulmonary disease,GHECAUSE_GHE001180,,,,,,,1589,,,358.5,,3817,1589 [358-3817],,,EN,2024-10-03T05:00:00.000Z
AIR_41,Ambient air pollution attributable deaths,numeric,EUR,Europe,Country,GBR,United Kingdom of Great Britain and Northern Ireland,Year,2015,false,Sex,Male,SEX_MLE,GHE cause of death codes,Stroke,GHECAUSE_GHE001140,,,,,,,1608,,,652.4,,2778,1608 [652-2778],,,EN,2024-10-03T05:00:00.000Z
AIR_41,Ambient air pollution attributable deaths,numeric,EUR,Europe,Country,GBR,United Kingdom of Great Britain and Northern Ireland,Year,2015,false,Sex,Both sexes,SEX_BTSX,GHE cause of death codes,"Trachea, bronchus, lung cancers",GHECAUSE_GHE000680,,,,,,,1805,,,882.8,,3142,1805 [883-3142],,,EN,2024-10-03T05:00:00.000Z
AIR_41,Ambient air pollution attributable deaths,numeric,EUR,Europe,Country,GBR,United Kingdom of Great Britain and Northern Ireland,Year,2015,false,Sex,Male,SEX_MLE,GHE cause of death codes,Acute lower respiratory infections,GHECAUSE_GHE000390,,,,,,,2033,,,765.7,,3690,2033 [766-3690],,,EN,2024-10-03T05:00:00.000Z
AIR_41,Ambient air pollution attributable deaths,numeric,EUR,Europe,Country,GBR,United Kingdom of Great Britain and Northern Ireland,Year,2015,false,Sex,Female,SEX_FMLE,GHE cause of death codes,Stroke,GHECAUSE_GHE001140,,,,,,,2355,,,955.7,,4069,2355 [956-4069],,,EN,2024-10-03T05:00:00.000Z
AIR_41,Ambient air pollution attributable deaths,numeric,EUR,Europe,Country,GBR,United Kingdom of Great Britain and Northern Ireland,Year,2015,false,Sex,Both sexes,SEX_BTSX,GHE cause of death codes,All causes,GHECAUSE_GHE000000,,,,,,,27252,,,19677,,35680,27 252 [19 677-35 680],,,EN,2024-10-03T05:00:00.000Z
AIR_41,Ambient air pollution attributable deaths,numeric,EUR,Europe,Country,GBR,United Kingdom of Great Britain and Northern Ireland,Year,2015,false,Sex,Female,SEX_FMLE,GHE cause of death codes,Acute lower respiratory infections,GHECAUSE_GHE000390,,,,,,,2716,,,1023,,4930,2716 [1023-4930],,,EN,2024-10-03T05:00:00.000Z
AIR_41,Ambient air pollution attributable deaths,numeric,EUR,Europe,Country,GBR,United Kingdom of Great Britain and Northern Ireland,Year,2015,false,Sex,Both sexes,SEX_BTSX,GHE cause of death codes,Chronic obstructive pulmonary disease,GHECAUSE_GHE001180,,,,,,,3168,,,714.8,,7612,3168 [715-7612],,,EN,2024-10-03T05:00:00.000Z
AIR_41,Ambient air pollution attributable deaths,numeric,EUR,Europe,Country,GBR,United Kingdom of Great Britain and Northern Ireland,Year,2015,false,Sex,Both sexes,SEX_BTSX,GHE cause of death codes,Stroke,GHECAUSE_GHE001140,,,,,,,3963,,,1608,,6847,3963 [1608-6847],,,EN,2024-10-03T05:00:00.000Z
AIR_41,Ambient air pollution attributable deaths,numeric,EUR,Europe,Country,GBR,United Kingdom of Great Britain and Northern Ireland,Year,2015,false,Sex,Both sexes,SEX_BTSX,GHE cause of death codes,Acute lower respiratory infections,GHECAUSE_GHE000390,,,,,,,4749,,,1789,,8620,4749 [1789-8620],,,EN,2024-10-03T05:00:00.000Z
AIR_41,Ambient air pollution attributable deaths,numeric,EUR,Europe,Country,GBR,United Kingdom of Great Britain and Northern Ireland,Year,2015,false,Sex,Female,SEX_FMLE,GHE cause of death codes,Ischaemic heart disease,GHECAUSE_GHE001130,,,,,,,5732,,,3344,,7730,5732 [3344-7730],,,EN,2024-10-03T05:00:00.000Z
AIR_41,Ambient air pollution attributable deaths,numeric,EUR,Europe,Country,GBR,United Kingdom of Great Britain and Northern Ireland,Year,2015,false,Sex,Male,SEX_MLE,GHE cause of death codes,Ischaemic heart disease,GHECAUSE_GHE001130,,,,,,,7835,,,4571,,10566,7835 [4571-10 566],,,EN,2024-10-03T05:00:00.000Z
AIR_41,Ambient air pollution attributable deaths,numeric,EUR,Europe,Country,GBR,United Kingdom of Great Britain and Northern Ireland,Year,2015,false,Sex,Female,SEX_FMLE,GHE cause of death codes,"Trachea, bronchus, lung cancers",GHECAUSE_GHE000680,,,,,,,829.1,,,405.4,,1443,829 [405-1443],,,EN,2024-10-03T05:00:00.000Z
AIR_41,Ambient air pollution attributable deaths,numeric,EUR,Europe,Country,GBR,United Kingdom of Great Britain and Northern Ireland,Year,2015,false,Sex,Male,SEX_MLE,GHE cause of death codes,"Trachea, bronchus, lung cancers",GHECAUSE_GHE000680,,,,,,,976.3,,,477.4,,1699,976 [477-1699],,,EN,2024-10-03T05:00:00.000Z
AIR_41,Ambient air pollution attributable deaths,numeric,EUR,Europe,Country,GBR,United Kingdom of Great Britain and Northern Ireland,Year,2014,false,Sex,Female,SEX_FMLE,GHE cause of death codes,All causes,GHECAUSE_GHE000000,,,,,,,12443,,,8983,,16459,12 443 [8983-16 459],,,EN,2024-10-03T05:00:00.000Z
AIR_41,Ambient air pollution attributable deaths,numeric,EUR,Europe,Country,GBR,United Kingdom of Great Britain and Northern Ireland,Year,2014,false,Sex,Both sexes,SEX_BTSX,GHE cause of death codes,Ischaemic heart disease,GHECAUSE_GHE001130,,,,,,,13370,,,7789,,18005,13 370 [7789-18 005],,,EN,2024-10-03T05:00:00.000Z
AIR_41,Ambient air pollution attributable deaths,numeric,EUR,Europe,Country,GBR,United Kingdom of Great Britain and Northern Ireland,Year,2014,false,Sex,Male,SEX_MLE,GHE cause of death codes,All causes,GHECAUSE_GHE000000,,,,,,,13415,,,9557,,17485,13 415 [9557-17 485],,,EN,2024-10-03T05:00:00.000Z
AIR_41,Ambient air pollution attributable deaths,numeric,EUR,Europe,Country,GBR,United Kingdom of Great Britain and Northern Ireland,Year,2014,false,Sex,Female,SEX_FMLE,GHE cause of death codes,Chronic obstructive pulmonary disease,GHECAUSE_GHE001180,,,,,,,1394,,,309.4,,3370,1394 [309-3370],,,EN,2024-10-03T05:00:00.000Z
AIR_41,Ambient air pollution attributable deaths,numeric,EUR,Europe,Country,GBR,United Kingdom of Great Britain and Northern Ireland,Year,2014,false,Sex,Male,SEX_MLE,GHE cause of death codes,Chronic obstructive pulmonary disease,GHECAUSE_GHE001180,,,,,,,1448,,,321.3,,3500,1448 [321-3500],,,EN,2024-10-03T05:00:00.000Z
AIR_41,Ambient air pollution attributable deaths,numeric,EUR,Europe,Country,GBR,United Kingdom of Great Britain and Northern Ireland,Year,2014,false,Sex,Male,SEX_MLE,GHE cause of death codes,Stroke,GHECAUSE_GHE001140,,,,,,,1565,,,638.7,,2717,1565 [639-2717],,,EN,2024-10-03T05:00:00.000Z
AIR_41,Ambient air pollution attributable deaths,numeric,EUR,Europe,Country,GBR,United Kingdom of Great Britain and Northern Ireland,Year,2014,false,Sex,Male,SEX_MLE,GHE cause of death codes,Acute lower respiratory infections,GHECAUSE_GHE000390,,,,,,,1725,,,644.7,,3148,1725 [645-3148],,,EN,2024-10-03T05:00:00.000Z
AIR_41,Ambient air pollution attributable deaths,numeric,EUR,Europe,Country,GBR,United Kingdom of Great Britain and Northern Ireland,Year,2014,false,Sex,Both sexes,SEX_BTSX,GHE cause of death codes,"Trachea, bronchus, lung cancers",GHECAUSE_GHE000680,,,,,,,1798,,,874.5,,3133,1798 [875-3133],,,EN,2024-10-03T05:00:00.000Z
AIR_41,Ambient air pollution attributable deaths,numeric,EUR,Europe,Country,GBR,United Kingdom of Great Britain and Northern Ireland,Year,2014,false,Sex,Female,SEX_FMLE,GHE cause of death codes,Stroke,GHECAUSE_GHE001140,,,,,,,2277,,,929.6,,3955,2277 [930-3955],,,EN,2024-10-03T05:00:00.000Z
AIR_41,Ambient air pollution attributable deaths,numeric,EUR,Europe,Country,GBR,United Kingdom of Great Britain and Northern Ireland,Year,2014,false,Sex,Female,SEX_FMLE,GHE cause of death codes,Acute lower respiratory infections,GHECAUSE_GHE000390,,,,,,,2281,,,852.2,,4161,2281 [852-4161],,,EN,2024-10-03T05:00:00.000Z
AIR_41,Ambient air pollution attributable deaths,numeric,EUR,Europe,Country,GBR,United Kingdom of Great Britain and Northern Ireland,Year,2014,false,Sex,Both sexes,SEX_BTSX,GHE cause of death codes,All causes,GHECAUSE_GHE000000,,,,,,,25858,,,18590,,33848,25 858 [18 590-33 848],,,EN,2024-10-03T05:00:00.000Z
AIR_41,Ambient air pollution attributable deaths,numeric,EUR,Europe,Country,GBR,United Kingdom of Great Britain and Northern Ireland,Year,2014,false,Sex,Both sexes,SEX_BTSX,GHE cause of death codes,Chronic obstructive pulmonary disease,GHECAUSE_GHE001180,,,,,,,2842,,,630.7,,6870,2842 [631-6870],,,EN,2024-10-03T05:00:00.000Z
AIR_41,Ambient air pollution attributable deaths,numeric,EUR,Europe,Country,GBR,United Kingdom of Great Britain and Northern Ireland,Year,2014,false,Sex,Both sexes,SEX_BTSX,GHE cause of death codes,Stroke,GHECAUSE_GHE001140,,,,,,,3842,,,1568,,6672,3842 [1568-6672],,,EN,2024-10-03T05:00:00.000Z
AIR_41,Ambient air pollution attributable deaths,numeric,EUR,Europe,Country,GBR,United Kingdom of Great Britain and Northern Ireland,Year,2014,false,Sex,Both sexes,SEX_BTSX,GHE cause of death codes,Acute lower respiratory infections,GHECAUSE_GHE000390,,,,,,,4006,,,1497,,7308,4006 [1497-7308],,,EN,2024-10-03T05:00:00.000Z
AIR_41,Ambient air pollution attributable deaths,numeric,EUR,Europe,Country,GBR,United Kingdom of Great Britain and Northern Ireland,Year,2014,false,Sex,Female,SEX_FMLE,GHE cause of death codes,Ischaemic heart disease,GHECAUSE_GHE001130,,,,,,,5675,,,3306,,7643,5675 [3306-7643],,,EN,2024-10-03T05:00:00.000Z
AIR_41,Ambient air pollution attributable deaths,numeric,EUR,Europe,Country,GBR,United Kingdom of Great Britain and Northern Ireland,Year,2014,false,Sex,Male,SEX_MLE,GHE cause of death codes,Ischaemic heart disease,GHECAUSE_GHE001130,,,,,,,7694,,,4483,,10362,7694 [4483-10 362],,,EN,2024-10-03T05:00:00.000Z
AIR_41,Ambient air pollution attributable deaths,numeric,EUR,Europe,Country,GBR,United Kingdom of Great Britain and Northern Ireland,Year,2014,false,Sex,Female,SEX_FMLE,GHE cause of death codes,"Trachea, bronchus, lung cancers",GHECAUSE_GHE000680,,,,,,,815.8,,,396.7,,1421,816 [397-1421],,,EN,2024-10-03T05:00:00.000Z
AIR_41,Ambient air pollution attributable deaths,numeric,EUR,Europe,Country,GBR,United Kingdom of Great Britain and Northern Ireland,Year,2014,false,Sex,Male,SEX_MLE,GHE cause of death codes,"Trachea, bronchus, lung cancers",GHECAUSE_GHE000680,,,,,,,982.6,,,477.8,,1712,983 [478-1712],,,EN,2024-10-03T05:00:00.000Z
AIR_41,Ambient air pollution attributable deaths,numeric,EUR,Europe,Country,GBR,United Kingdom of Great Britain and Northern Ireland,Year,2013,false,Sex,Male,SEX_MLE,GHE cause of death codes,"Trachea, bronchus, lung cancers",GHECAUSE_GHE000680,,,,,,,1078,,,533.5,,1844,1078 [533-1844],,,EN,2024-10-03T05:00:00.000Z
AIR_41,Ambient air pollution attributable deaths,numeric,EUR,Europe,Country,GBR,United Kingdom of Great Britain and Northern Ireland,Year,2013,false,Sex,Female,SEX_FMLE,GHE cause of death codes,All causes,GHECAUSE_GHE000000,,,,,,,13875,,,10141,,18143,13 875 [10 141-18 143],,,EN,2024-10-03T05:00:00.000Z
AIR_41,Ambient air pollution attributable deaths,numeric,EUR,Europe,Country,GBR,United Kingdom of Great Britain and Northern Ireland,Year,2013,false,Sex,Male,SEX_MLE,GHE cause of death codes,All causes,GHECAUSE_GHE000000,,,,,,,14526,,,10471,,18825,14 526 [10 471-18 825],,,EN,2024-10-03T05:00:00.000Z
AIR_41,Ambient air pollution attributable deaths,numeric,EUR,Europe,Country,GBR,United Kingdom of Great Britain and Northern Ireland,Year,2013,false,Sex,Both sexes,SEX_BTSX,GHE cause of death codes,Ischaemic heart disease,GHECAUSE_GHE001130,,,,,,,14811,,,8724,,19808,14 811 [8724-19 808],,,EN,2024-10-03T05:00:00.000Z
AIR_41,Ambient air pollution attributable deaths,numeric,EUR,Europe,Country,GBR,United Kingdom of Great Britain and Northern Ireland,Year,2013,false,Sex,Female,SEX_FMLE,GHE cause of death codes,Chronic obstructive pulmonary disease,GHECAUSE_GHE001180,,,,,,,1578,,,373,,3716,1578 [373-3716],,,EN,2024-10-03T05:00:00.000Z
AIR_41,Ambient air pollution attributable deaths,numeric,EUR,Europe,Country,GBR,United Kingdom of Great Britain and Northern Ireland,Year,2013,false,Sex,Male,SEX_MLE,GHE cause of death codes,Chronic obstructive pulmonary disease,GHECAUSE_GHE001180,,,,,,,1625,,,384.2,,3828,1625 [384-3828],,,EN,2024-10-03T05:00:00.000Z
AIR_41,Ambient air pollution attributable deaths,numeric,EUR,Europe,Country,GBR,United Kingdom of Great Britain and Northern Ireland,Year,2013,false,Sex,Male,SEX_MLE,GHE cause of death codes,Stroke,GHECAUSE_GHE001140,,,,,,,1664,,,700,,2825,1664 [700-2825],,,EN,2024-10-03T05:00:00.000Z
AIR_41,Ambient air pollution attributable deaths,numeric,EUR,Europe,Country,GBR,United Kingdom of Great Britain and Northern Ireland,Year,2013,false,Sex,Male,SEX_MLE,GHE cause of death codes,Acute lower respiratory infections,GHECAUSE_GHE000390,,,,,,,1786,,,713.6,,3147,1786 [714-3147],,,EN,2024-10-03T05:00:00.000Z
AIR_41,Ambient air pollution attributable deaths,numeric,EUR,Europe,Country,GBR,United Kingdom of Great Britain and Northern Ireland,Year,2013,false,Sex,Both sexes,SEX_BTSX,GHE cause of death codes,"Trachea, bronchus, lung cancers",GHECAUSE_GHE000680,,,,,,,1957,,,968.7,,3348,1957 [969-3348],,,EN,2024-10-03T05:00:00.000Z
AIR_41,Ambient air pollution attributable deaths,numeric,EUR,Europe,Country,GBR,United Kingdom of Great Britain and Northern Ireland,Year,2013,false,Sex,Female,SEX_FMLE,GHE cause of death codes,Acute lower respiratory infections,GHECAUSE_GHE000390,,,,,,,2466,,,985,,4344,2466 [985-4344],,,EN,2024-10-03T05:00:00.000Z
AIR_41,Ambient air pollution attributable deaths,numeric,EUR,Europe,Country,GBR,United Kingdom of Great Britain and Northern Ireland,Year,2013,false,Sex,Female,SEX_FMLE,GHE cause of death codes,Stroke,GHECAUSE_GHE001140,,,,,,,2514,,,1058,,4268,2514 [1058-4268],,,EN,2024-10-03T05:00:00.000Z
AIR_41,Ambient air pollution attributable deaths,numeric,EUR,Europe,Country,GBR,United Kingdom of Great Britain and Northern Ireland,Year,2013,false,Sex,Both sexes,SEX_BTSX,GHE cause of death codes,All causes,GHECAUSE_GHE000000,,,,,,,28401,,,20653,,36828,28 401 [20 653-36 828],,,EN,2024-10-03T05:00:00.000Z
AIR_41,Ambient air pollution attributable deaths,numeric,EUR,Europe,Country,GBR,United Kingdom of Great Britain and Northern Ireland,Year,2013,false,Sex,Both sexes,SEX_BTSX,GHE cause of death codes,Chronic obstructive pulmonary disease,GHECAUSE_GHE001180,,,,,,,3203,,,757.2,,7544,3203 [757-7544],,,EN,2024-10-03T05:00:00.000Z
AIR_41,Ambient air pollution attributable deaths,numeric,EUR,Europe,Country,GBR,United Kingdom of Great Britain and Northern Ireland,Year,2013,false,Sex,Both sexes,SEX_BTSX,GHE cause of death codes,Stroke,GHECAUSE_GHE001140,,,,,,,4178,,,1758,,7093,4178 [1758-7093],,,EN,2024-10-03T05:00:00.000Z
AIR_41,Ambient air pollution attributable deaths,numeric,EUR,Europe,Country,GBR,United Kingdom of Great Britain and Northern Ireland,Year,2013,false,Sex,Both sexes,SEX_BTSX,GHE cause of death codes,Acute lower respiratory infections,GHECAUSE_GHE000390,,,,,,,4252,,,1699,,7491,4252 [1699-7491],,,EN,2024-10-03T05:00:00.000Z
AIR_41,Ambient air pollution attributable deaths,numeric,EUR,Europe,Country,GBR,United Kingdom of Great Britain and Northern Ireland,Year,2013,false,Sex,Female,SEX_FMLE,GHE cause of death codes,Ischaemic heart disease,GHECAUSE_GHE001130,,,,,,,6439,,,3793,,8611,6439 [3793-8611],,,EN,2024-10-03T05:00:00.000Z
AIR_41,Ambient air pollution attributable deaths,numeric,EUR,Europe,Country,GBR,United Kingdom of Great Britain and Northern Ireland,Year,2013,false,Sex,Male,SEX_MLE,GHE cause of death codes,Ischaemic heart disease,GHECAUSE_GHE001130,,,,,,,8373,,,4931,,11197,8373 [4931-11 197],,,EN,2024-10-03T05:00:00.000Z
AIR_41,Ambient air pollution attributable deaths,numeric,EUR,Europe,Country,GBR,United Kingdom of Great Britain and Northern Ireland,Year,2013,false,Sex,Female,SEX_FMLE,GHE cause of death codes,"Trachea, bronchus, lung cancers",GHECAUSE_GHE000680,,,,,,,879.3,,,435.2,,1504,879 [435-1504],,,EN,2024-10-03T05:00:00.000Z
AIR_41,Ambient air pollution attributable deaths,numeric,EUR,Europe,Country,GBR,United Kingdom of Great Britain and Northern Ireland,Year,2012,false,Sex,Male,SEX_MLE,GHE cause of death codes,"Trachea, bronchus, lung cancers",GHECAUSE_GHE000680,,,,,,,1103,,,550.8,,1889,1103 [551-1889],,,EN,2024-10-03T05:00:00.000Z
AIR_41,Ambient air pollution attributable deaths,numeric,EUR,Europe,Country,GBR,United Kingdom of Great Britain and Northern Ireland,Year,2012,false,Sex,Female,SEX_FMLE,GHE cause of death codes,All causes,GHECAUSE_GHE000000,,,,,,,14236,,,10452,,18506,14 236 [10 452-18 506],,,EN,2024-10-03T05:00:00.000Z
AIR_41,Ambient air pollution attributable deaths,numeric,EUR,Europe,Country,GBR,United Kingdom of Great Britain and Northern Ireland,Year,2012,false,Sex,Male,SEX_MLE,GHE cause of death codes,All causes,GHECAUSE_GHE000000,,,,,,,14532,,,10490,,18743,14 532 [10 490-18 743],,,EN,2024-10-03T05:00:00.000Z
AIR_41,Ambient air pollution attributable deaths,numeric,EUR,Europe,Country,GBR,United Kingdom of Great Britain and Northern Ireland,Year,2012,false,Sex,Both sexes,SEX_BTSX,GHE cause of death codes,Ischaemic heart disease,GHECAUSE_GHE001130,,,,,,,15037,,,8858,,20086,15 037 [8858-20 086],,,EN,2024-10-03T05:00:00.000Z
AIR_41,Ambient air pollution attributable deaths,numeric,EUR,Europe,Country,GBR,United Kingdom of Great Britain and Northern Ireland,Year,2012,false,Sex,Female,SEX_FMLE,GHE cause of death codes,Chronic obstructive pulmonary disease,GHECAUSE_GHE001180,,,,,,,1535,,,367,,3594,1535 [367-3594],,,EN,2024-10-03T05:00:00.000Z
AIR_41,Ambient air pollution attributable deaths,numeric,EUR,Europe,Country,GBR,United Kingdom of Great Britain and Northern Ireland,Year,2012,false,Sex,Male,SEX_MLE,GHE cause of death codes,Chronic obstructive pulmonary disease,GHECAUSE_GHE001180,,,,,,,1595,,,381.5,,3735,1595 [382-3735],,,EN,2024-10-03T05:00:00.000Z
AIR_41,Ambient air pollution attributable deaths,numeric,EUR,Europe,Country,GBR,United Kingdom of Great Britain and Northern Ireland,Year,2012,false,Sex,Male,SEX_MLE,GHE cause of death codes,Stroke,GHECAUSE_GHE001140,,,,,,,1681,,,711.3,,2835,1681 [711-2835],,,EN,2024-10-03T05:00:00.000Z
AIR_41,Ambient air pollution attributable deaths,numeric,EUR,Europe,Country,GBR,United Kingdom of Great Britain and Northern Ireland,Year,2012,false,Sex,Male,SEX_MLE,GHE cause of death codes,Acute lower respiratory infections,GHECAUSE_GHE000390,,,,,,,1780,,,715.6,,3118,1780 [716-3118],,,EN,2024-10-03T05:00:00.000Z
AIR_41,Ambient air pollution attributable deaths,numeric,EUR,Europe,Country,GBR,United Kingdom of Great Britain and Northern Ireland,Year,2012,false,Sex,Both sexes,SEX_BTSX,GHE cause of death codes,"Trachea, bronchus, lung cancers",GHECAUSE_GHE000680,,,,,,,2014,,,1006,,3450,2014 [1006-3450],,,EN,2024-10-03T05:00:00.000Z
AIR_41,Ambient air pollution attributable deaths,numeric,EUR,Europe,Country,GBR,United Kingdom of Great Britain and Northern Ireland,Year,2012,false,Sex,Female,SEX_FMLE,GHE cause of death codes,Acute lower respiratory infections,GHECAUSE_GHE000390,,,,,,,2460,,,989.2,,4310,2460 [989-4310],,,EN,2024-10-03T05:00:00.000Z
AIR_41,Ambient air pollution attributable deaths,numeric,EUR,Europe,Country,GBR,United Kingdom of Great Britain and Northern Ireland,Year,2012,false,Sex,Female,SEX_FMLE,GHE cause of death codes,Stroke,GHECAUSE_GHE001140,,,,,,,2667,,,1129,,4499,2667 [1129-4499],,,EN,2024-10-03T05:00:00.000Z
AIR_41,Ambient air pollution attributable deaths,numeric,EUR,Europe,Country,GBR,United Kingdom of Great Britain and Northern Ireland,Year,2012,false,Sex,Both sexes,SEX_BTSX,GHE cause of death codes,All causes,GHECAUSE_GHE000000,,,,,,,28768,,,21078,,36861,28 768 [21 078-36 861],,,EN,2024-10-03T05:00:00.000Z
AIR_41,Ambient air pollution attributable deaths,numeric,EUR,Europe,Country,GBR,United Kingdom of Great Britain and Northern Ireland,Year,2012,false,Sex,Both sexes,SEX_BTSX,GHE cause of death codes,Chronic obstructive pulmonary disease,GHECAUSE_GHE001180,,,,,,,3130,,,748.6,,7329,3130 [749-7329],,,EN,2024-10-03T05:00:00.000Z
AIR_41,Ambient air pollution attributable deaths,numeric,EUR,Europe,Country,GBR,United Kingdom of Great Britain and Northern Ireland,Year,2012,false,Sex,Both sexes,SEX_BTSX,GHE cause of death codes,Acute lower respiratory infections,GHECAUSE_GHE000390,,,,,,,4240,,,1705,,7427,4240 [1705-7427],,,EN,2024-10-03T05:00:00.000Z
AIR_41,Ambient air pollution attributable deaths,numeric,EUR,Europe,Country,GBR,United Kingdom of Great Britain and Northern Ireland,Year,2012,false,Sex,Both sexes,SEX_BTSX,GHE cause of death codes,Stroke,GHECAUSE_GHE001140,,,,,,,4348,,,1840,,7334,4348 [1840-7334],,,EN,2024-10-03T05:00:00.000Z
AIR_41,Ambient air pollution attributable deaths,numeric,EUR,Europe,Country,GBR,United Kingdom of Great Britain and Northern Ireland,Year,2012,false,Sex,Female,SEX_FMLE,GHE cause of death codes,Ischaemic heart disease,GHECAUSE_GHE001130,,,,,,,6664,,,3925,,8901,6664 [3925-8901],,,EN,2024-10-03T05:00:00.000Z
AIR_41,Ambient air pollution attributable deaths,numeric,EUR,Europe,Country,GBR,United Kingdom of Great Britain and Northern Ireland,Year,2012,false,Sex,Male,SEX_MLE,GHE cause of death codes,Ischaemic heart disease,GHECAUSE_GHE001130,,,,,,,8373,,,4932,,11185,8373 [4932-11 185],,,EN,2024-10-03T05:00:00.000Z
AIR_41,Ambient air pollution attributable deaths,numeric,EUR,Europe,Country,GBR,United Kingdom of Great Britain and Northern Ireland,Year,2012,false,Sex,Female,SEX_FMLE,GHE cause of death codes,"Trachea, bronchus, lung cancers",GHECAUSE_GHE000680,,,,,,,911,,,454.9,,1561,911 [455-1561],,,EN,2024-10-03T05:00:00.000Z
AIR_41,Ambient air pollution attributable deaths,numeric,EUR,Europe,Country,GBR,United Kingdom of Great Britain and Northern Ireland,Year,2011,false,Sex,Male,SEX_MLE,GHE cause of death codes,"Trachea, bronchus, lung cancers",GHECAUSE_GHE000680,,,,,,,1251,,,636.8,,2111,1251 [637-2111],,,EN,2024-10-03T05:00:00.000Z
AIR_41,Ambient air pollution attributable deaths,numeric,EUR,Europe,Country,GBR,United Kingdom of Great Britain and Northern Ireland,Year,2011,false,Sex,Female,SEX_FMLE,GHE cause of death codes,All causes,GHECAUSE_GHE000000,,,,,,,14662,,,10955,,18807,14 662 [10 955-18 807],,,EN,2024-10-03T05:00:00.000Z
AIR_41,Ambient air pollution attributable deaths,numeric,EUR,Europe,Country,GBR,United Kingdom of Great Britain and Northern Ireland,Year,2011,false,Sex,Male,SEX_MLE,GHE cause of death codes,All causes,GHECAUSE_GHE000000,,,,,,,15140,,,11167,,19219,15 140 [11 167-19 219],,,EN,2024-10-03T05:00:00.000Z
AIR_41,Ambient air pollution attributable deaths,numeric,EUR,Europe,Country,GBR,United Kingdom of Great Britain and Northern Ireland,Year,2011,false,Sex,Both sexes,SEX_BTSX,GHE cause of death codes,Ischaemic heart disease,GHECAUSE_GHE001130,,,,,,,15366,,,9157,,20358,15 366 [9157-20 358],,,EN,2024-10-03T05:00:00.000Z
AIR_41,Ambient air pollution attributable deaths,numeric,EUR,Europe,Country,GBR,United Kingdom of Great Britain and Northern Ireland,Year,2011,false,Sex,Female,SEX_FMLE,GHE cause of death codes,Chronic obstructive pulmonary disease,GHECAUSE_GHE001180,,,,,,,1555,,,394.3,,3536,1555 [394-3536],,,EN,2024-10-03T05:00:00.000Z
AIR_41,Ambient air pollution attributable deaths,numeric,EUR,Europe,Country,GBR,United Kingdom of Great Britain and Northern Ireland,Year,2011,false,Sex,Male,SEX_MLE,GHE cause of death codes,Chronic obstructive pulmonary disease,GHECAUSE_GHE001180,,,,,,,1604,,,406.7,,3646,1604 [407-3646],,,EN,2024-10-03T05:00:00.000Z
AIR_41,Ambient air pollution attributable deaths,numeric,EUR,Europe,Country,GBR,United Kingdom of Great Britain and Northern Ireland,Year,2011,false,Sex,Male,SEX_MLE,GHE cause of death codes,Stroke,GHECAUSE_GHE001140,,,,,,,1785,,,784.5,,2947,1785 [785-2947],,,EN,2024-10-03T05:00:00.000Z
AIR_41,Ambient air pollution attributable deaths,numeric,EUR,Europe,Country,GBR,United Kingdom of Great Britain and Northern Ireland,Year,2011,false,Sex,Male,SEX_MLE,GHE cause of death codes,Acute lower respiratory infections,GHECAUSE_GHE000390,,,,,,,1863,,,807.7,,3156,1863 [808-3156],,,EN,2024-10-03T05:00:00.000Z
AIR_41,Ambient air pollution attributable deaths,numeric,EUR,Europe,Country,GBR,United Kingdom of Great Britain and Northern Ireland,Year,2011,false,Sex,Both sexes,SEX_BTSX,GHE cause of death codes,"Trachea, bronchus, lung cancers",GHECAUSE_GHE000680,,,,,,,2237,,,1139,,3775,2237 [1139-3775],,,EN,2024-10-03T05:00:00.000Z
AIR_41,Ambient air pollution attributable deaths,numeric,EUR,Europe,Country,GBR,United Kingdom of Great Britain and Northern Ireland,Year,2011,false,Sex,Female,SEX_FMLE,GHE cause of death codes,Acute lower respiratory infections,GHECAUSE_GHE000390,,,,,,,2611,,,1132,,4424,2611 [1132-4424],,,EN,2024-10-03T05:00:00.000Z
AIR_41,Ambient air pollution attributable deaths,numeric,EUR,Europe,Country,GBR,United Kingdom of Great Britain and Northern Ireland,Year,2011,false,Sex,Female,SEX_FMLE,GHE cause of death codes,Stroke,GHECAUSE_GHE001140,,,,,,,2781,,,1222,,4591,2781 [1222-4591],,,EN,2024-10-03T05:00:00.000Z
AIR_41,Ambient air pollution attributable deaths,numeric,EUR,Europe,Country,GBR,United Kingdom of Great Britain and Northern Ireland,Year,2011,false,Sex,Both sexes,SEX_BTSX,GHE cause of death codes,All causes,GHECAUSE_GHE000000,,,,,,,29803,,,22203,,37736,29 803 [22 203-37 736],,,EN,2024-10-03T05:00:00.000Z
AIR_41,Ambient air pollution attributable deaths,numeric,EUR,Europe,Country,GBR,United Kingdom of Great Britain and Northern Ireland,Year,2011,false,Sex,Both sexes,SEX_BTSX,GHE cause of death codes,Chronic obstructive pulmonary disease,GHECAUSE_GHE001180,,,,,,,3159,,,801,,7182,3159 [801-7182],,,EN,2024-10-03T05:00:00.000Z
AIR_41,Ambient air pollution attributable deaths,numeric,EUR,Europe,Country,GBR,United Kingdom of Great Britain and Northern Ireland,Year,2011,false,Sex,Both sexes,SEX_BTSX,GHE cause of death codes,Acute lower respiratory infections,GHECAUSE_GHE000390,,,,,,,4474,,,1940,,7580,4474 [1940-7580],,,EN,2024-10-03T05:00:00.000Z
AIR_41,Ambient air pollution attributable deaths,numeric,EUR,Europe,Country,GBR,United Kingdom of Great Britain and Northern Ireland,Year,2011,false,Sex,Both sexes,SEX_BTSX,GHE cause of death codes,Stroke,GHECAUSE_GHE001140,,,,,,,4566,,,2007,,7538,4566 [2007-7538],,,EN,2024-10-03T05:00:00.000Z
AIR_41,Ambient air pollution attributable deaths,numeric,EUR,Europe,Country,GBR,United Kingdom of Great Britain and Northern Ireland,Year,2011,false,Sex,Female,SEX_FMLE,GHE cause of death codes,Ischaemic heart disease,GHECAUSE_GHE001130,,,,,,,6729,,,4010,,8915,6729 [4010-8915],,,EN,2024-10-03T05:00:00.000Z
AIR_41,Ambient air pollution attributable deaths,numeric,EUR,Europe,Country,GBR,United Kingdom of Great Britain and Northern Ireland,Year,2011,false,Sex,Male,SEX_MLE,GHE cause of death codes,Ischaemic heart disease,GHECAUSE_GHE001130,,,,,,,8637,,,5147,,11443,8637 [5147-11 443],,,EN,2024-10-03T05:00:00.000Z
AIR_41,Ambient air pollution attributable deaths,numeric,EUR,Europe,Country,GBR,United Kingdom of Great Britain and Northern Ireland,Year,2011,false,Sex,Female,SEX_FMLE,GHE cause of death codes,"Trachea, bronchus, lung cancers",GHECAUSE_GHE000680,,,,,,,985.9,,,501.7,,1663,986 [502-1663],,,EN,2024-10-03T05:00:00.000Z
AIR_41,Ambient air pollution attributable deaths,numeric,EUR,Europe,Country,GBR,United Kingdom of Great Britain and Northern Ireland,Year,2010,false,Sex,Male,SEX_MLE,GHE cause of death codes,"Trachea, bronchus, lung cancers",GHECAUSE_GHE000680,,,,,,,1211,,,612,,2057,1211 [612-2057],,,EN,2024-10-03T05:00:00.000Z
AIR_41,Ambient air pollution attributable deaths,numeric,EUR,Europe,Country,GBR,United Kingdom of Great Britain and Northern Ireland,Year,2010,false,Sex,Female,SEX_FMLE,GHE cause of death codes,All causes,GHECAUSE_GHE000000,,,,,,,15868,,,11762,,20333,15 868 [11 762-20 333],,,EN,2024-10-03T05:00:00.000Z
AIR_41,Ambient air pollution attributable deaths,numeric,EUR,Europe,Country,GBR,United Kingdom of Great Britain and Northern Ireland,Year,2010,false,Sex,Male,SEX_MLE,GHE cause of death codes,All causes,GHECAUSE_GHE000000,,,,,,,15937,,,11624,,20202,15 937 [11 624-20 202],,,EN,2024-10-03T05:00:00.000Z
AIR_41,Ambient air pollution attributable deaths,numeric,EUR,Europe,Country,GBR,United Kingdom of Great Britain and Northern Ireland,Year,2010,false,Sex,Female,SEX_FMLE,GHE cause of death codes,Chronic obstructive pulmonary disease,GHECAUSE_GHE001180,,,,,,,1511,,,379.8,,3454,1511 [380-3454],,,EN,2024-10-03T05:00:00.000Z
AIR_41,Ambient air pollution attributable deaths,numeric,EUR,Europe,Country,GBR,United Kingdom of Great Britain and Northern Ireland,Year,2010,false,Sex,Male,SEX_MLE,GHE cause of death codes,Chronic obstructive pulmonary disease,GHECAUSE_GHE001180,,,,,,,1551,,,389.9,,3546,1551 [390-3546],,,EN,2024-10-03T05:00:00.000Z
AIR_41,Ambient air pollution attributable deaths,numeric,EUR,Europe,Country,GBR,United Kingdom of Great Britain and Northern Ireland,Year,2010,false,Sex,Both sexes,SEX_BTSX,GHE cause of death codes,Ischaemic heart disease,GHECAUSE_GHE001130,,,,,,,16793,,,10027,,22287,16 793 [10 027-22 287],,,EN,2024-10-03T05:00:00.000Z
AIR_41,Ambient air pollution attributable deaths,numeric,EUR,Europe,Country,GBR,United Kingdom of Great Britain and Northern Ireland,Year,2010,false,Sex,Male,SEX_MLE,GHE cause of death codes,Acute lower respiratory infections,GHECAUSE_GHE000390,,,,,,,1844,,,790.3,,3131,1844 [790-3131],,,EN,2024-10-03T05:00:00.000Z
AIR_41,Ambient air pollution attributable deaths,numeric,EUR,Europe,Country,GBR,United Kingdom of Great Britain and Northern Ireland,Year,2010,false,Sex,Male,SEX_MLE,GHE cause of death codes,Stroke,GHECAUSE_GHE001140,,,,,,,2033,,,887.9,,3370,2033 [888-3370],,,EN,2024-10-03T05:00:00.000Z
AIR_41,Ambient air pollution attributable deaths,numeric,EUR,Europe,Country,GBR,United Kingdom of Great Britain and Northern Ireland,Year,2010,false,Sex,Both sexes,SEX_BTSX,GHE cause of death codes,"Trachea, bronchus, lung cancers",GHECAUSE_GHE000680,,,,,,,2168,,,1095,,3681,2168 [1095-3681],,,EN,2024-10-03T05:00:00.000Z
AIR_41,Ambient air pollution attributable deaths,numeric,EUR,Europe,Country,GBR,United Kingdom of Great Britain and Northern Ireland,Year,2010,false,Sex,Female,SEX_FMLE,GHE cause of death codes,Acute lower respiratory infections,GHECAUSE_GHE000390,,,,,,,2658,,,1139,,4512,2658 [1139-4512],,,EN,2024-10-03T05:00:00.000Z
AIR_41,Ambient air pollution attributable deaths,numeric,EUR,Europe,Country,GBR,United Kingdom of Great Britain and Northern Ireland,Year,2010,false,Sex,Both sexes,SEX_BTSX,GHE cause of death codes,Chronic obstructive pulmonary disease,GHECAUSE_GHE001180,,,,,,,3062,,,769.7,,7000,3062 [770-7000],,,EN,2024-10-03T05:00:00.000Z
AIR_41,Ambient air pollution attributable deaths,numeric,EUR,Europe,Country,GBR,United Kingdom of Great Britain and Northern Ireland,Year,2010,false,Sex,Both sexes,SEX_BTSX,GHE cause of death codes,All causes,GHECAUSE_GHE000000,,,,,,,31805,,,23558,,40271,31 805 [23 558-40 271],,,EN,2024-10-03T05:00:00.000Z
AIR_41,Ambient air pollution attributable deaths,numeric,EUR,Europe,Country,GBR,United Kingdom of Great Britain and Northern Ireland,Year,2010,false,Sex,Female,SEX_FMLE,GHE cause of death codes,Stroke,GHECAUSE_GHE001140,,,,,,,3248,,,1418,,5383,3248 [1418-5383],,,EN,2024-10-03T05:00:00.000Z
AIR_41,Ambient air pollution attributable deaths,numeric,EUR,Europe,Country,GBR,United Kingdom of Great Britain and Northern Ireland,Year,2010,false,Sex,Both sexes,SEX_BTSX,GHE cause of death codes,Acute lower respiratory infections,GHECAUSE_GHE000390,,,,,,,4502,,,1929,,7643,4502 [1929-7643],,,EN,2024-10-03T05:00:00.000Z
AIR_41,Ambient air pollution attributable deaths,numeric,EUR,Europe,Country,GBR,United Kingdom of Great Britain and Northern Ireland,Year,2010,false,Sex,Both sexes,SEX_BTSX,GHE cause of death codes,Stroke,GHECAUSE_GHE001140,,,,,,,5281,,,2306,,8752,5281 [2306-8752],,,EN,2024-10-03T05:00:00.000Z
AIR_41,Ambient air pollution attributable deaths,numeric,EUR,Europe,Country,GBR,United Kingdom of Great Britain and Northern Ireland,Year,2010,false,Sex,Female,SEX_FMLE,GHE cause of death codes,Ischaemic heart disease,GHECAUSE_GHE001130,,,,,,,7496,,,4476,,9948,7496 [4476-9948],,,EN,2024-10-03T05:00:00.000Z
AIR_41,Ambient air pollution attributable deaths,numeric,EUR,Europe,Country,GBR,United Kingdom of Great Britain and Northern Ireland,Year,2010,false,Sex,Male,SEX_MLE,GHE cause of death codes,Ischaemic heart disease,GHECAUSE_GHE001130,,,,,,,9297,,,5551,,12339,9297 [5551-12 339],,,EN,2024-10-03T05:00:00.000Z
AIR_41,Ambient air pollution attributable deaths,numeric,EUR,Europe,Country,GBR,United Kingdom of Great Britain and Northern Ireland,Year,2010,false,Sex,Female,SEX_FMLE,GHE cause of death codes,"Trachea, bronchus, lung cancers",GHECAUSE_GHE000680,,,,,,,956.3,,,483.1,,1624,956 [483-1624],,,EN,2024-10-03T05:00:00.000Z
